t_s,hands,n_emitted,camera_to_landmark_ms,landmark_to_intent_ms,total_ms
3.153684399963822,0,1,19.251300022006035,17.452200001571327,36.70350002357736
3.200851599976886,0,0,13.024999992921948,0.02269999822601676,13.047699991147965
3.2486806999659166,0,0,12.534200039226562,0.02389994915574789,12.55809998838231
3.3154918999643996,0,0,18.78390001365915,0.03160000778734684,18.815500021446496
3.3681476999772713,0,1,30.57880001142621,17.3009000136517,47.87970002507791
3.4163215999724343,0,0,18.771199975162745,0.02540001878514886,18.796599993947893
3.472381800005678,0,0,29.10899999551475,0.02459995448589325,29.133599950000644
3.5060068999882787,0,0,13.681399985216558,0.030800001695752144,13.71219998691231
3.5545898999553174,0,0,19.70100001199171,0.014699995517730713,19.71570000750944
3.6225785999558866,0,1,20.20309999352321,17.242500034626573,37.445600028149784
3.668327599996701,0,0,16.26659999601543,0.015700003132224083,16.282299999147654
3.7161271999939345,0,0,24.984899966511875,0.015600002370774746,25.00049996888265
3.7626686999574304,0,0,13.241700013168156,0.014199991710484028,13.25590000487864
3.8172508999705315,0,0,17.131100001279265,0.02139998832717538,17.15249998960644
3.859184400003869,0,1,19.71689995843917,16.968400042969733,36.685300001408905
3.9246982999611646,0,0,20.11869999114424,0.015900004655122757,20.134599995799363
3.9748037999961525,0,0,28.963299992028624,0.01680001150816679,28.98010000353679
4.018224300001748,0,0,12.596399988979101,0.014999997802078724,12.61139998678118
4.0678933999734,0,1,15.15970000764355,0.5863999831490219,15.746099990792572
4.114365499990527,0,0,20.20889997947961,0.018400023691356182,20.227300003170967
4.170665199984796,0,0,22.00940001057461,0.02829998265951872,22.037699993234128
4.226591699989513,0,0,17.200500005856156,0.014499993994832039,17.21499999985099
4.279585399955977,0,1,17.21930003259331,17.93749997159466,35.15680000418797
4.324998700001743,0,0,19.09799996064976,0.016400008462369442,19.114399969112128
4.371024399995804,0,0,24.11749999737367,0.01999997766688466,24.137499975040555
4.42087479995098,0,0,17.21600000746548,0.014399993233382702,17.230400000698864
4.466403500002343,0,0,19.715199945494533,0.020700041204690933,19.735899986699224
4.521564800001215,0,1,18.955899984575808,0.8278000168502331,19.78370000142604
4.577631599968299,0,0,22.066400037147105,0.019899976905435324,22.08630001405254
4.628582799981814,0,0,15.479499998036772,0.01680001150816679,15.496300009544939
4.674152399995364,0,0,13.69009999325499,0.014599994756281376,13.70469998801127
4.72663140000077,0,1,18.100099987350404,0.7953000022098422,18.895399989560246
4.773708899971098,0,0,17.993299989029765,0.018200022168457508,18.011500011198223
4.819501799996942,0,0,19.53950000461191,0.020499981474131346,19.55999998608604
4.889087399991695,0,0,19.073400006163865,0.01699995482340455,19.09039996098727
4.93235639994964,0,1,13.118500006385148,0.8025999995879829,13.92110000597313
4.978331099962816,0,0,19.913700001779944,0.02099998528137803,19.93469998706132
5.026640700001735,0,0,16.409099975135177,0.012899981811642647,16.42199995694682
5.0767309999791905,0,0,18.615500011947006,0.014999997802078724,18.630500009749085
5.124234699993394,0,0,18.84909998625517,0.015700003132224083,18.864799989387393
5.1919881999492645,0,1,17.075900046620518,16.121799999382347,33.197700046002865
5.238555799995083,0,0,19.276099978014827,0.015400000847876072,19.291499978862703
5.288310799980536,0,0,18.760400009341538,0.018599967006593943,18.778999976348132
5.339668899949174,0,0,22.646800032816827,0.018300022929906845,22.665100055746734
5.3878077999688685,0,0,16.035999986343086,0.014699995517730713,16.050699981860816
5.4281105999834836,0,1,16.645299969241023,0.7054000161588192,17.350699985399842
5.491309499950148,0,0,17.443500051740557,0.016799953300505877,17.460300005041063
5.54095039999811,0,0,16.707299975678325,0.01379998866468668,16.72109996434301
5.592171799973585,0,0,31.46510000806302,0.019099970813840628,31.48419997887686
5.635496300004888,0,1,25.46749997418374,16.900999995414168,42.368499969597906
5.682200499984901,0,0,30.543999979272485,0.014699995517730713,30.558699974790215
5.736482099979185,0,0,29.98039999511093,0.025200017262250185,30.00560001237318
5.793688299949281,0,0,20.235000003594905,0.016000005416572094,20.251000009011477
5.844256899959873,0,1,35.09310004301369,0.6648999988101423,35.758000041823834
5.888360099983402,0,0,12.304099975153804,0.015400000847876072,12.31949997600168
5.938200899981894,0,0,18.51129997521639,0.015700003132224083,18.526999978348613
5.985455199959688,0,0,17.25470001110807,0.022299995180219412,17.27700000628829
6.035860200005118,0,0,17.766199947800487,0.013500044587999582,17.779699992388487
6.10429099999601,0,1,16.19989995379001,0.7798000006005168,16.979699954390526
6.146004399983212,0,0,18.60429998487234,0.01680001150816679,18.621099996380508
6.196146699949168,0,0,20.368500030599535,0.02099998528137803,20.389500015880913
6.244762699992862,0,0,20.83409996703267,0.021899992134422064,20.855999959167093
6.294946899986826,0,0,20.41329996427521,0.014100049156695604,20.427400013431907
6.340473899967037,0,1,18.369700002949685,17.82100001582876,36.19070001877844
6.40576009999495,0,0,21.385099971666932,0.0198000343516469,21.40490000601858
6.4538012999692,0,0,12.311400030739605,0.014899997040629387,12.326300027780235
6.502107599982992,0,0,18.722200009506196,0.0173999578692019,18.739599967375398
6.548333199985791,0,1,20.54080000380054,0.8423000108450651,21.383100014645606
6.593983099970501,0,0,19.869200012180954,0.01999997766688466,19.88919998984784
6.645047899975907,0,0,18.313099979422987,0.014299992471933365,18.32739997189492
6.710048499982804,0,0,17.962299985811114,0.012500036973506212,17.97480002278462
6.758442999969702,0,1,17.064200015738606,0.757400004658848,17.821600020397455
6.809584599977825,0,0,20.421899971552193,0.015900004655122757,20.437799976207316
6.854775099956896,0,0,35.90950003126636,0.017799960914999247,35.92729999218136
6.898790199949872,0,0,17.038200050592422,0.013199984095990658,17.051400034688413
6.948094699997455,0,0,18.81629996933043,0.023100001271814108,18.839399970602244
7.012149999965914,0,1,14.890699996612966,16.449399990960956,31.34009998757392
7.060335499991197,0,0,27.20069995848462,0.015400000847876072,27.216099959332496
7.105791899957694,0,0,18.53510004002601,0.020799983758479357,18.55590002378449
7.160740099963732,0,0,19.021500018425286,0.019099970813840628,19.040599989239126
7.2078333999961615,0,0,20.649399957619607,0.021200045011937618,20.670600002631545
7.255003199970815,0,1,18.551799992565066,17.771099985111505,36.32289997767657
7.31587039999431,0,0,20.478199992794544,0.024100008886307478,20.50230000168085
7.364756399998441,0,0,17.568199953529984,0.015500001609325409,17.58369995513931
7.416271099995356,0,0,16.778799996245652,0.015400000847876072,16.79419999709353
7.459909199969843,0,1,17.527899995911866,0.8642000029794872,18.392099998891354
7.514423799992073,0,0,21.974399976897985,0.023100001271814108,21.9974999781698
7.5529333999729715,0,0,12.186500011011958,0.01479999627918005,12.201300007291138
7.620563799981028,0,0,21.022200002335012,0.02269999822601676,21.04490000056103
7.673524699988775,0,1,15.188399993348867,16.50500000687316,31.693400000222027
7.71267739997711,0,0,12.922699970658869,0.013800046872347593,12.936500017531216
7.76465470000403,0,0,16.982599976472557,0.015400000847876072,16.997999977320433
7.8126732999808155,0,0,18.76309997169301,0.020000035874545574,18.783100007567555
7.866279099951498,0,0,18.611700041219592,0.01999997766688466,18.631700018886477
7.929914299980737,0,1,21.30269998451695,17.84600003156811,39.14870001608506
7.978501199977472,0,0,19.110299996100366,0.015300000086426735,19.125599996186793
8.025259899965022,0,0,21.64769999217242,0.020200037397444248,21.667900029569864
8.07382199994754,0,0,18.69200001237914,0.01750001683831215,18.709500029217452
8.122611699975096,0,0,16.717199992854148,0.014499993994832039,16.73169998684898
8.169198799994774,0,1,18.57359998393804,16.964000009465963,35.537599993404
8.233449399995152,0,0,20.281999954022467,0.03650004509836435,20.31849999912083
8.283191599999554,0,0,19.752099993638694,0.017799960914999247,19.769899954553694
8.328984299965668,0,0,16.344800009392202,0.018600025214254856,16.363400034606457
8.378151899960358,0,1,16.831499990075827,0.8396000484935939,17.67110003856942
8.426444299984723,0,0,19.66849999735132,0.01939997309818864,19.687899970449507
8.470814100001007,0,0,16.379399981815368,0.016000005416572094,16.39539998723194
8.532884799991734,0,0,21.317699982319027,0.018700025975704193,21.33640000829473
8.582785099977627,0,1,18.744800006970763,0.7890000124461949,19.533800019416958
8.62614049995318,0,0,17.130100051872432,0.013699987903237343,17.14380003977567
8.676363899954595,0,0,29.582699993625283,0.026100024115294218,29.608800017740577
8.724285399948712,0,0,17.65930000692606,0.01610000617802143,17.67540001310408
8.777392799966037,0,0,18.893000029493123,0.018099963199347258,18.91109999269247
8.840710699965712,0,1,19.436600035987794,17.21009996253997,36.646699998527765
8.889538899995387,0,0,15.832700009923428,0.012899981811642647,15.845599991735071
8.938481899967883,0,0,19.22840002225712,0.016900012269616127,19.245300034526736
8.986273899965454,0,0,19.50669998768717,0.02050003968179226,19.527200027368963
9.0329404999502,0,0,16.14500000141561,0.017900019884109497,16.16290002129972
9.078280499961693,0,1,12.818199989851564,0.8484999998472631,13.666699989698827
9.144767599995248,0,0,19.246499985456467,0.017300015315413475,19.26380000077188
9.194750599970575,0,0,32.97930001281202,0.014299992471933365,32.99360000528395
9.238373500003945,0,0,14.122999971732497,0.013899989426136017,14.136899961158633
9.289115299994592,0,1,17.9700999869965,17.314299999270588,35.28439998626709
9.342153399949893,0,0,19.15720000397414,0.013500044587999582,19.17070004856214
9.378797799989115,0,0,18.873499997425824,0.01999997766688466,18.89349997509271
9.444338399975095,0,0,18.451099982485175,0.015600002370774746,18.46669998485595
9.496904100000393,0,1,15.027699992060661,0.8363999659195542,15.864099957980216
9.541039899981115,0,0,18.144399975426495,0.014399993233382702,18.158799968659878
9.588145899993833,0,0,19.63699999032542,0.022299995180219412,19.65929998550564
9.637685699970461,0,0,19.491099985316396,0.020300038158893585,19.51140002347529
9.69094539998332,0,0,19.191799976397306,0.014499993994832039,19.206299970392138
9.734275399998296,0,1,13.841799984220415,17.969899985473603,31.81169996969402
9.79535869997926,0,0,18.33629998145625,0.012700038496404886,18.349000019952655
9.845367799978703,0,0,18.803799990564585,0.018300022929906845,18.82210001349449
9.89055189996725,0,0,23.88940000673756,0.02989999484270811,23.919300001580268
9.938095499994233,0,1,13.649599975906312,0.8226999780163169,14.47229995392263
9.988318799994886,0,0,18.19869998143986,0.01880002673715353,18.217500008177012
10.03857400000561,0,0,19.173699954990298,0.018200022168457508,19.191899977158755
10.098676599969622,0,0,21.718200005125254,0.023200002033263445,21.741400007158518
10.150676499994006,0,1,19.686899962835014,17.46639999328181,37.153299956116825
10.19504889997188,0,0,33.59690000070259,0.021599989850074053,33.618499990552664
10.243729499983601,0,0,17.97919999808073,0.018899969290941954,17.998099967371672
10.29289709997829,0,0,18.952200014609843,0.016600009985268116,18.96880002459511
10.339341799961403,0,0,18.869400024414062,0.020299979951232672,18.889700004365295
10.409489599987864,0,1,19.386100000701845,18.33320001605898,37.719300016760826
10.452902099990752,0,0,19.215999986045063,0.020799983758479357,19.236799969803542
10.501270299952012,0,0,18.949300050735474,0.018499966245144606,18.96780001698062
10.551443999982439,0,0,17.803700000513345,0.013699987903237343,17.817399988416582
10.601224799989723,0,0,17.840499989688396,0.016000005416572094,17.85649999510497
10.644657399971038,0,1,16.560400021262467,17.935799958650023,34.49619997991249
10.708828999951947,0,0,19.618400023318827,0.01610000617802143,19.63450002949685
10.762511199980509,0,0,18.45779997529462,0.01479999627918005,18.4725999715738
10.807669699948747,0,0,19.870200019795448,0.017900019884109497,19.888100039679557
10.852049799985252,0,1,19.611499970778823,0.8599000284448266,20.47139999922365
10.900126199994702,0,0,18.505699990782887,0.01379998866468668,18.519499979447573
10.951527900004294,0,0,17.556599981617182,0.015900004655122757,17.572499986272305
11.01321539998753,0,0,19.422999990638345,0.013499986380338669,19.436499977018684
11.063519799965434,0,1,17.332800023723394,17.96460000332445,35.29740002704784
11.113138299959246,0,0,19.13349999813363,0.023100001271814108,19.156599999405444
11.15399449999677,0,0,15.374999959021807,0.01680001150816679,15.391799970529974
11.204566999978852,0,0,19.29019996896386,0.014100049156695604,19.304300018120557
11.252658999990672,0,0,20.046599966008216,0.01780001912266016,20.064399985130876
11.319273500004783,0,1,19.918199977837503,17.846399976406246,37.76459995424375
11.367213299963623,0,0,19.398300035391003,0.025999965146183968,19.424300000537187
11.412254099966958,0,0,20.33080003457144,0.01839996548369527,20.349200000055134
11.46665329998359,0,0,19.981899997219443,0.016900012269616127,19.99880000948906
11.512355499959085,0,0,21.657200006302446,0.02300000051036477,21.68020000681281
11.562527799978852,0,1,19.33629997074604,16.73460000893101,36.07089997967705
11.625565199996345,0,0,19.771199964452535,0.01750001683831215,19.788699981290847
11.6745804999955,0,0,19.27260000957176,0.01699995482340455,19.289599964395165
11.721268399967812,0,0,21.80779998889193,0.016200006939470768,21.8239999958314
11.770167999959085,0,1,18.003400007728487,1.0092000011354685,19.012600008863956
11.818928099994082,0,0,18.16320000216365,0.015700003132224083,18.178900005295873
11.866987999994308,0,0,19.153299974277616,0.013399985618889332,19.166699959896505
11.930208899953868,0,0,20.700099994428456,0.01680001150816679,20.716900005936623
11.976920199987944,0,1,19.824799965135753,17.575500009115785,37.40029997425154
12.025494799949229,0,0,17.809700046200305,0.017199956346303225,17.82690000254661
12.068328999972437,0,0,16.02500001899898,0.012999982573091984,16.038000001572073
12.115824199980125,0,0,17.331100010778755,0.014599994756281376,17.345700005535036
12.16390839999076,0,0,12.862399977166206,0.013999990187585354,12.876399967353791
12.229964800004382,0,1,19.029099959880114,1.0020000045187771,20.03109996439889
12.276608799991664,0,0,19.14240000769496,0.015400000847876072,19.157800008542836
12.322580999985803,0,0,17.630200018174946,0.01839996548369527,17.64859998365864
12.378165699949022,0,0,19.297500024549663,0.01680001150816679,19.31430003605783
12.425636400002986,0,0,19.093899987637997,0.016600009985268116,19.110499997623265
12.473363099968992,0,1,18.980299995746464,16.62670000223443,35.60699999798089
12.53773459995864,0,0,20.609700004570186,0.022199994418770075,20.631899998988956
12.58578409999609,0,0,19.75849998416379,0.025300018023699522,19.78380000218749
12.633635999984108,0,0,18.41199997579679,0.019000028260052204,18.43100000405684
12.683135200000834,0,1,20.304199948441237,1.2315000058151782,21.535699954256415
12.729055999952834,0,0,18.54530000127852,0.01680001150816679,18.562100012786686
12.777101399959065,0,0,18.469400005415082,0.01479999627918005,18.484200001694262
12.84444049996091,0,0,20.58400004170835,0.017099955584853888,20.601099997293204
12.889472899958491,0,1,14.567700040061027,0.8219999726861715,15.389700012747198
12.937313599977642,0,0,17.914399970322847,0.016400008462369442,17.930799978785217
12.982410199998412,0,0,18.412699981126934,0.01309998333454132,18.425799964461476
13.026091099949554,0,0,13.79670004826039,0.014499993994832039,13.811200042255223
13.077375799999572,0,0,17.376699950546026,0.020000035874545574,17.396699986420572
13.142939699988347,0,1,20.018999988678843,16.998699982650578,37.01769997132942
13.186362399952486,0,0,19.48590000392869,0.022499996703118086,19.50840000063181
13.237023299967404,0,0,17.86810002522543,0.014499993994832039,17.882600019220263
13.283053599996492,0,0,18.826999992597848,0.01650000922381878,18.843500001821667
13.33534960000543,0,0,20.20929998252541,0.019099970813840628,20.22839995333925
13.381189099978656,0,1,18.22349999565631,17.291500000283122,35.514999995939434
13.44456779997563,0,0,20.757600024808198,0.03249995643272996,20.790099981240928
13.490952499967534,0,0,17.800800036638975,0.013299984857439995,17.814100021496415
13.545114299980924,0,0,19.605199981015176,0.022099993657320738,19.627299974672496
13.588560599950142,0,1,17.45460001984611,0.5852000322192907,18.039800052065402
13.637249399966095,0,0,16.14379999227822,0.013400043826550245,16.15720003610477
13.682974199997261,0,0,18.565299978945404,0.016900012269616127,18.58219999121502
13.751983899972402,0,0,17.82100001582876,0.014499993994832039,17.83550000982359
13.801037399971392,0,1,15.825500013306737,0.777499983087182,16.60299999639392
13.843934100004844,0,0,16.746999986935407,0.01409999094903469,16.76109997788444
13.891279499977827,0,0,19.925599975977093,0.022599997464567423,19.94819997344166
13.939092999964487,0,0,18.556200026068836,0.01379998866468668,18.570000014733523
13.987019299995154,0,0,17.27089995983988,0.019200029782950878,17.29009998962283
14.056915099965408,0,1,19.919599988497794,17.526700044982135,37.44630003347993
14.100456799962558,0,0,18.362600007094443,0.017900019884109497,18.380500026978552
14.14630889997352,0,0,19.522299990057945,0.03130000550299883,19.553599995560944
14.197866699949373,0,0,16.916100052185357,0.015700003132224083,16.93180005531758
14.246434299973771,0,0,19.239499990362674,0.016600009985268116,19.256100000347942
14.292736599978525,0,1,16.441799991298467,17.92010001372546,34.36190000502393
14.35655859997496,0,0,19.311700016260147,0.017599959392100573,19.329299975652248
14.402799199975561,0,0,18.602400028612465,0.014299992471933365,18.616700021084398
14.455298399960157,0,0,19.433100009337068,0.014699995517730713,19.4478000048548
14.499626599950716,0,1,17.615800024941564,0.8093999931588769,18.42520001810044
14.54856889997609,0,0,17.572399985510856,0.012300035450607538,17.584700020961463
14.601745699997991,0,0,16.313000000081956,0.015099998563528061,16.328099998645484
14.64430889999494,0,0,17.70679996116087,0.014499993994832039,17.7212999551557
14.709396899968851,0,1,18.932899984065443,16.478900040965527,35.41180002503097
14.756405199994333,0,0,17.473499989137053,0.016200006939470768,17.489699996076524
14.804247799969744,0,0,20.78720001736656,0.013999990187585354,20.801200007554144
14.852809999953024,0,0,17.289600044023246,0.012699980288743973,17.30230002431199
14.89972940000007,0,0,16.70659997034818,0.01650000922381878,16.723099979571998
14.951217499969061,0,1,20.451600023079664,1.1065999860875309,21.558200009167194
15.01338359998772,0,0,22.876799979712814,0.01650000922381878,22.893299988936633
15.058296100003645,0,0,18.64470000145957,0.01569994492456317,18.660399946384132
15.105352199985646,0,0,20.989399985410273,0.023200002033263445,21.012599987443537
15.157279499981087,0,1,18.7467000214383,1.075899985153228,19.82260000659153
15.20212689996697,0,0,16.61940000485629,0.015700003132224083,16.635100007988513
15.253007099963725,0,0,18.255800008773804,0.013199984095990658,18.268999992869794
15.317706999951042,0,0,18.593800021335483,0.013699987903237343,18.60750000923872
15.367298299970571,0,1,20.12180001474917,17.301000014413148,37.42280002916232
15.413561299967114,0,0,19.88740003434941,0.01839996548369527,19.905799999833107
15.460605099971872,0,0,18.85809999657795,0.015400000847876072,18.873499997425824
15.508823799958918,0,0,18.963500042445958,0.015899946447461843,18.97939998889342
15.55610439996235,0,0,18.906000012066215,0.01910002902150154,18.925100041087717
15.624072299979161,0,1,20.91760002076626,17.640899983234704,38.55850000400096
15.66809969994938,0,0,18.550400040112436,0.01680001150816679,18.567200051620603
15.716624499997124,0,0,18.17769999615848,0.013499986380338669,18.19119998253882
15.764560999989044,0,0,19.682499987538904,0.015300000086426735,19.69779998762533
15.817077699990477,0,0,22.030499996617436,0.02559996210038662,22.056099958717823
15.861001499986742,0,1,19.57950001815334,0.7622999837622046,20.341800001915544
15.924673799949232,0,0,19.673600036185235,0.021199986804276705,19.69480002298951
15.971238199970685,0,0,19.13640002021566,0.018099963199347258,19.154499983415008
16.023407899949234,0,0,19.546200055629015,0.02039998071268201,19.566600036341697
16.068011499999557,0,1,19.712099980097264,17.827800009399652,37.53989998949692
16.116565499978606,0,0,17.88739999756217,0.016000005416572094,17.903400002978742
16.163401999976486,0,0,16.18029997916892,0.02300000051036477,16.203299979679286
16.226643199974205,0,0,19.547700008843094,0.019199971575289965,19.566899980418384
16.28035859996453,0,1,18.991900025866926,0.8692999836057425,19.861200009472668
16.32458889996633,0,0,20.9986999980174,0.015300000086426735,21.013999998103827
16.372563599958085,0,0,18.525400024373084,0.015500001609325409,18.54090002598241
16.42109849996632,0,0,18.610100029036403,0.01769996015354991,18.627799989189953
16.468106199987233,0,0,19.404099963139743,0.03160000778734684,19.43569997092709
16.535717299964745,0,1,19.41920001991093,17.33050000621006,36.74970002612099
16.579449699958786,0,0,16.5687000262551,0.016600009985268116,16.58530003624037
16.62875279999571,0,0,20.01499995822087,0.023200002033263445,20.038199960254133
16.679061300004832,0,0,19.197499961592257,0.016600009985268116,19.214099971577525
16.72513939999044,0,0,19.573699973989278,0.01680001150816679,19.590499985497445
16.772939699993003,0,1,19.38379998318851,17.825899994932115,37.209699978120625
16.835160199960228,0,0,21.1175000295043,0.022799998987466097,21.140300028491765
16.884924099955242,0,0,19.342300016433,0.015199999324977398,19.357500015757978
16.937546500004828,0,0,19.461399991996586,0.014599994756281376,19.475999986752868
16.980158999969717,0,1,15.486299991607666,0.7671000203117728,16.25340001191944
17.025702499959152,0,0,14.102799992542714,0.01460005296394229,14.117400045506656
17.076713599963114,0,0,32.95050002634525,0.016000005416572094,32.966500031761825
17.14191409997875,0,0,19.184899982064962,0.017200014553964138,19.202099996618927
17.19061019999208,0,1,20.595999958459288,17.441000032704324,38.03699999116361
17.235106999985874,0,0,15.69149998249486,0.01850002445280552,15.710000006947666
17.282564099994488,0,0,17.110599961597472,0.013200042303651571,17.123800003901124
17.33282389998203,0,0,19.78109998162836,0.021099986042827368,19.802199967671186
17.379292999976315,0,0,19.051300012506545,0.014299992471933365,19.065600004978478
17.447474299988244,0,1,20.892700005788356,18.43389996793121,39.32659997371957
17.49298270000145,0,0,19.054399977903813,0.02039998071268201,19.074799958616495
17.54307620000327,0,0,20.51449997816235,0.020299979951232672,20.53479995811358
17.589002199994866,0,0,17.850999953225255,0.013700046110898256,17.864699999336153
17.638687499973457,0,0,17.429300001822412,0.01409999094903469,17.443399992771447
17.68452269997215,0,1,17.38229999318719,0.8599000284448266,18.242200021632016
17.74704569997266,0,0,19.190600025467575,0.01969997538253665,19.21030000085011
17.796231999993324,0,0,19.498699984978884,0.017900019884109497,19.516600004862994
17.84786759997951,0,0,49.295299977529794,0.03650004509836435,49.33180002262816
17.897874799964484,0,1,14.394700003322214,0.7980000227689743,15.192700026091188
17.938696399971377,0,0,14.049899997189641,0.015600002370774746,14.065499999560416
17.990124999952968,0,0,20.580400014296174,0.020799983758479357,20.601199998054653
18.05044599995017,0,0,20.220500009600073,0.02050003968179226,20.241000049281865
18.10385109996423,0,1,20.882699987851083,17.901900049764663,38.784600037615746
18.14852999994764,0,0,19.193500047549605,0.013999990187585354,19.20750003773719
18.196682999958284,0,0,20.576000039000064,0.022499996703118086,20.598500035703182
18.244768199976534,0,0,17.296799982432276,0.014899997040629387,17.311699979472905
18.290841399983037,0,0,18.253899994306266,0.014199991710484028,18.26809998601675
18.359622599964496,0,1,18.513299990445375,16.82810002239421,35.341400012839586
18.40636959997937,0,0,14.16849996894598,0.013700046110898256,14.182200015056878
18.452368500002194,0,0,19.221799972001463,0.01780001912266016,19.239599991124123
18.499328399950173,0,0,18.47580005414784,0.019599974621087313,18.495400028768927
18.54947109997738,0,0,19.076599972322583,0.014200049918144941,19.090800022240728
18.59637240000302,0,1,20.699799992144108,17.249199969228357,37.948999961372465
18.658627600001637,1,0,28.782499954104424,0.20130001939833164,28.983799973502755
18.70477089995984,2,0,31.766300031449646,0.1604999997653067,31.926800031214952
18.75843339995481,1,1,24.144600029103458,0.9818999678827822,25.12649999698624
18.804234999988694,1,0,36.31519997725263,0.17389998538419604,36.48909996263683
18.849959199957084,2,0,35.33929999684915,0.17950002802535892,35.51880002487451
18.896865199960303,1,1,25.071000040043145,0.9521999745629728,26.023200014606118
18.964754899963737,2,0,37.30940003879368,0.16039999900385737,37.46980003779754
19.00972209998872,1,0,20.265800005290657,0.16609998419880867,20.431899989489466
19.060852899972815,1,1,38.33980002673343,0.9028000058606267,39.242600032594055
19.104267499991693,1,0,32.66239998629317,0.20459998631849885,32.866999972611666
19.1560055000009,1,0,28.112799976952374,0.21490000654011965,28.327699983492494
19.206305400002748,1,0,31.32389998063445,0.2759000053629279,31.59979998599738
19.269255799998064,0,0,32.89189998758957,0.004799978341907263,32.896699965931475
19.312811299983878,1,1,23.63579999655485,17.667800013441592,41.303600009996444
19.36431709997123,1,1,30.908300017472357,0.8450999739579856,31.753399991430342
19.41017859999556,1,1,23.055800003930926,0.8595999679528177,23.915399971883744
19.462118899973575,1,0,28.0909999855794,0.006299989763647318,28.09729997534305
19.508129599969834,1,0,27.539000031538308,0.004099973011761904,27.54310000455007
19.572741999989375,1,1,31.505499966442585,1.0784000041894615,32.58389997063205
19.620365599985234,1,0,24.98559997184202,0.1572000328451395,25.14280000468716
19.66964499995811,1,0,23.810100043192506,0.18999999156221747,24.000100034754723
19.715313099964987,1,0,30.461399990599602,0.1971000456251204,30.658500036224723
19.763710199971683,1,0,28.705600008834153,0.2041999832727015,28.909799992106855
19.812619899981655,1,1,25.294799997936934,17.193100007716566,42.4879000056535
19.858129500003997,1,0,23.192599997855723,0.16449997201561928,23.357099969871342
19.92685819999315,1,1,30.997699999716133,0.851099961437285,31.848799961153418
19.969060899980832,1,1,23.160099983215332,0.8583000162616372,24.01839999947697
20.023383599997032,1,1,28.43489998485893,0.9268000139854848,29.361699998844415
20.06724760000361,1,1,28.848999994806945,0.7726000039838254,29.62159999879077
20.116226999962237,1,1,23.42839998891577,0.8333000005222857,24.261699989438057
20.16270769998664,1,1,24.94869998190552,0.8542999858036637,25.802999967709184
20.226536499976646,1,1,27.30449999216944,0.9163999930024147,28.220899985171854
20.274698599998374,1,1,26.091499952599406,0.9481000015512109,27.039599954150617
20.324677399999928,1,1,29.08249996835366,0.9442000300623477,30.026699998416007
20.370479299977887,1,1,32.87719999207184,0.8696999866515398,33.74689997872338
20.421382899978198,1,1,25.271999998949468,0.8985999738797545,26.170599972829223
20.465949299978092,1,1,25.300699984654784,0.9959000162780285,26.296600000932813
20.533535399998073,1,1,31.960599997546524,1.0624999995343387,33.02309999708086
20.5809001000016,1,1,22.674799954984337,0.7753000245429575,23.450099979527295
20.625865799956955,1,1,25.669700000435114,0.8120000129565597,26.481700013391674
20.67488039995078,1,1,29.55240005394444,0.8492999477311969,30.401700001675636
20.722246299963444,1,1,28.935100010130554,1.6821000026538968,30.61720001278445
20.770281100005377,1,1,23.37059995625168,0.7698000408709049,24.140399997122586
20.84135740000056,1,1,34.68449995853007,0.9839000413194299,35.6683999998495
20.88178080000216,1,1,23.886899987701327,0.8055999642238021,24.69249995192513
20.930045099987183,1,1,31.911099969875067,0.8196000126190484,32.730699982494116
20.978097999992315,1,1,33.249199972487986,1.014699984807521,34.26389995729551
21.026761799992528,1,1,27.64499996555969,0.9640000062063336,28.608999971766025
21.0767883999506,1,1,32.867200032342225,0.8834999753162265,33.75070000765845
21.140744099975564,1,1,29.41750001627952,1.545800012536347,30.963300028815866
21.18578419997357,1,1,26.265099993906915,0.8582000155001879,27.123300009407103
21.235899699968286,1,1,22.753600031137466,0.8475999929942191,23.601200024131685
21.284746999968775,1,1,34.244999988004565,0.966200022958219,35.211200010962784
21.331223899964243,1,0,29.789499996695668,0.26530004106462,30.054800037760288
21.3802453999524,1,0,28.36850000312552,0.19590003648772836,28.564400039613247
21.44468620000407,1,0,30.04519996466115,0.18480001017451286,30.229999974835664
21.49533139995765,1,1,26.992300001438707,0.9667000267654657,27.959000028204173
21.537321999960113,1,0,28.765900002326816,0.1781000173650682,28.944000019691885
21.586554099980276,1,0,29.72970000701025,0.23740000324323773,29.96710001025349
21.63909459998831,1,1,26.30729996599257,1.1360000353306532,27.443300001323223
21.681129599979613,1,0,26.280199992470443,0.16930000856518745,26.44950000103563
21.74954190000426,1,0,36.06209997087717,0.2204999909736216,36.28259996185079
21.794562299968675,1,0,24.887299980036914,0.16350002260878682,25.0508000026457
21.84325739997439,1,0,30.74469999410212,0.17339998157694936,30.91809997567907
21.891467999957968,1,0,27.050700038671494,0.18450000789016485,27.23520004656166
21.942446400003973,1,0,27.13079995010048,0.16650004545226693,27.29729999555275
21.987080999999307,1,0,26.74899995326996,0.16950001008808613,26.918499963358045
22.054461399966385,1,0,26.06140001444146,0.14489999739453197,26.206300011835992
22.09745199995814,1,0,24.148299999069422,0.1849000109359622,24.333200010005385
22.147509999980684,1,0,23.838000022806227,0.16070000128820539,23.998700024094433
22.195799299981445,1,0,27.994000003673136,0.15129998791962862,28.145299991592765
22.240724299976137,1,0,25.42890002951026,0.1498999772593379,25.578800006769598
22.290536499989685,1,0,31.30329999839887,0.19729998894035816,31.50059998733923
22.355530100001488,1,0,32.86609996575862,0.15979999443516135,33.02589996019378
22.403704299998935,1,0,25.85669996915385,0.16520003555342555,26.021900004707277
22.450374599953648,1,0,23.8907000166364,0.17319998005405068,24.063899996690452
22.496839799976442,1,0,25.287500000558794,0.17930002650246024,25.466800027061254
22.546720099984668,1,0,25.47920000506565,0.1748999929986894,25.65409999806434
22.595470600004774,1,0,26.527399953920394,0.19779999274760485,26.725199946668
22.661370999994688,1,0,24.31459998479113,0.1480000209994614,24.46260000579059
22.705580799956806,1,0,32.788700016681105,0.2237000153400004,33.012400032021105
22.754829399986193,1,0,28.30160001758486,0.1631999621167779,28.464799979701638
22.801267999981064,1,0,27.326099982019514,0.15249999705702066,27.478599979076535
22.851803299970925,1,0,27.269300015177578,0.17010001465678215,27.43940002983436
22.89659959997516,1,1,23.58280000044033,0.8073999779298902,24.39019997837022
22.96019809995778,1,1,22.943800024222583,0.9337000083178282,23.87750003254041
23.008697399985977,1,1,24.71470000455156,0.8331999997608364,25.547900004312396
23.061159899982158,1,1,26.92390000447631,0.6762999692000449,27.600199973676354
23.10548759996891,1,1,28.445900010410696,0.7351000094786286,29.181000019889325
23.152549499995075,1,1,24.463200010359287,0.8036999497562647,25.266899960115552
23.202997499960475,1,1,34.27520004333928,0.74819999281317,35.02340003615245
23.268244299979415,1,1,26.26160002546385,0.6970999529585242,26.958699978422374
23.313773199974094,1,1,24.61860002949834,0.8465999853797257,25.465200014878064
23.36175679997541,1,1,23.889900010544807,0.7156999781727791,24.605599988717586
23.410557799972594,1,1,26.118299982044846,1.034500019159168,27.152800001204014
23.45674179994967,1,1,22.660600021481514,0.881900021340698,23.542500042822212
23.50758129998576,1,1,29.26609996939078,1.0315999970771372,30.297699966467917
23.57134079997195,1,1,23.38410000083968,0.847299990709871,24.23139999154955
23.618829699989874,1,1,24.25229997606948,1.5343999839387834,25.786699960008264
23.669386799971107,1,1,34.83530000085011,0.9875000105239451,35.822800011374056
23.713861499971244,1,1,27.362000022549182,0.8861999958753586,28.24820001842454
23.76487139996607,1,1,31.942700035870075,0.9102999465540051,32.85299998242408
23.811337999999523,1,1,32.98089996678755,0.7144000264815986,33.695299993269145
23.87643509998452,1,1,29.934799997135997,1.1563000152818859,31.091100012417883
23.92290259996662,1,1,30.462499998975545,1.0476000024937093,31.510100001469254
23.974598100001458,1,1,27.326299983542413,0.8907999726943672,28.21709995623678
24.017953199974727,1,1,22.79140002792701,0.9438999695703387,23.73529999749735
24.071154100005515,1,1,35.622799943666905,0.9480000007897615,36.57079994445667
24.112812599982135,1,1,26.164199982304126,0.9333000052720308,27.097499987576157
24.178926699969452,1,1,25.924400018993765,1.0126999695785344,26.9370999885723
24.229291399999056,1,1,27.17829996254295,0.8313999860547483,28.0096999485977
24.274423099996056,1,1,41.59129998879507,1.1298999888822436,42.721199977677315
24.322698399948422,1,1,29.609200020786375,0.9547999943606555,30.56400001514703
24.36899549997179,1,1,22.254400013480335,0.7326999912038445,22.98710000468418
24.418072199972812,1,1,22.738799976650625,0.8303000358864665,23.569100012537092
24.486372799961828,1,1,30.690299987327307,1.0668000322766602,31.757100019603968
24.529933199984953,1,1,22.402999980840832,0.7332999957725406,23.136299976613373
24.579079399991315,1,1,25.909799966029823,0.887800008058548,26.79759997408837
24.625896199955605,1,1,25.95060004387051,0.8660999592393637,26.816700003109872
24.677935899992008,1,1,28.359799995087087,1.5397999668493867,29.899599961936474
24.720296399958897,1,1,23.28319998923689,1.29060004837811,24.573800037615
24.769459899980575,1,1,26.222300017252564,0.9204999660141766,27.14279998326674
24.835630199988373,1,1,30.314399977214634,0.9977000299841166,31.31210000719875
24.883916199964006,1,1,25.983900006394833,0.7477999897673726,26.731699996162206
24.934699599980377,1,1,28.70919997803867,0.938400044105947,29.647600022144616
24.9775942999986,1,1,24.52929998980835,0.7948999991640449,25.324199988972396
25.02447750000283,1,1,23.876899969764054,0.7325999904423952,24.60949996020645
25.076194199966267,1,1,29.199899989180267,0.8005000418052077,30.000400030985475
25.142695899994578,1,1,26.673799962736666,0.6770000327378511,27.350799995474517
25.184677999990527,1,1,22.450199990998954,0.8222999749705195,23.272499965969473
25.23461149999639,1,1,32.31260000029579,0.8830999722704291,33.19569997256622
25.2822985999519,1,1,30.142400006297976,0.8151000365614891,30.957500042859465
25.334015999978874,1,1,28.344099991954863,0.7863999926485121,29.130499984603375
25.37729739997303,1,1,23.637200007215142,0.8245999924838543,24.461799999698997
25.44260959996609,1,1,30.93609999632463,0.832799996715039,31.768899993039668
25.48836819996359,1,1,28.338100004475564,0.7615000358782709,29.099600040353835
25.537905999983195,1,1,26.51200001128018,0.804100011009723,27.316100022289902
25.58609949995298,1,1,33.28780003357679,0.8248999947682023,34.11270002834499
25.63360439997632,1,1,25.915200007148087,1.5756000066176057,27.490800013765693
25.681525599968154,1,1,23.486800026148558,0.7171999895945191,24.204000015743077
25.74592729995493,1,1,27.08070003427565,0.8196000126190484,27.9003000468947
25.796491399989463,1,1,25.480100011918694,0.9092999971471727,26.389400009065866
25.841503699950408,1,1,27.164600032847375,0.7075999747030437,27.87220000755042
25.892531399964355,1,1,32.720700022764504,0.9233999880962074,33.64410001086071
25.93857419997221,1,1,26.806099980603904,0.9145000367425382,27.72060001734644
25.986458999977913,1,1,25.793600012548268,0.7671999628655612,26.56079997541383
26.05099739995785,1,1,22.706300020217896,0.7247999892570078,23.431100009474903
26.100190399971325,1,1,28.564899985212833,0.9303000406362116,29.495200025849044
26.148509899969213,1,1,31.509599997662008,0.9575000149197876,32.467100012581795
26.198459599982016,1,1,31.402900000102818,1.1581999715417624,32.56109997164458
26.245159399986733,1,1,24.525899963919073,0.9706999990157783,25.49659996293485
26.289317299961112,1,1,32.98950003227219,0.9585999650880694,33.94809999736026
26.356327099958435,1,1,33.79419998964295,0.8728000102564692,34.66699999989942
26.403002699953504,1,1,25.15000000130385,0.8374000317417085,25.98740003304556
26.451954199990723,1,1,22.88030000636354,0.8893999620340765,23.769699968397617
26.498064299987163,1,1,24.088700010906905,0.7339000003412366,24.82260001124814
26.54678439995041,1,1,28.008900000713766,1.1458000517450273,29.154700052458793
26.59864739998011,1,1,29.410700022708625,1.756099984049797,31.16680000675842
26.66042049997486,1,1,27.773800014983863,0.7021999917924404,28.476000006776303
26.708141099952627,1,1,31.059800006914884,0.8660000166855752,31.92580002360046
26.755499099963345,1,1,30.468899989500642,0.9308000444434583,31.3997000339441
26.80386509996606,1,1,27.96829998260364,1.0571000166237354,29.025399999227375
26.853094699967187,1,1,30.603600025642663,0.978600000962615,31.58220002660528
26.89979699999094,1,1,26.823699998203665,1.0359999723732471,27.859699970576912
26.96736539999256,1,1,35.132399993017316,0.998999981675297,36.13139997469261
27.010158799996134,1,1,22.80340000288561,0.9194999583996832,23.722899961285293
27.060823799984064,1,1,29.149400012101978,0.9857999975793064,30.135200009681284
27.105743299995083,1,1,28.676699963398278,0.9516000282019377,29.628299991600215
27.154567899997346,1,1,24.268099979963154,1.0559000074863434,25.323999987449497
27.204512999975123,1,1,31.520800024736673,0.9210999705828726,32.441899995319545
27.267597700003535,1,1,27.14419999392703,0.9758999804034829,28.120099974330515
27.313009699981194,1,1,22.312199987936765,0.791100028436631,23.103300016373396
27.36376359994756,1,1,21.98440005304292,0.7915999740362167,22.776000027079135
27.410817899974063,1,1,31.20550001040101,0.9112000116147101,32.11670002201572
27.46115419996204,1,1,25.576000043656677,0.9843999869190156,26.560400030575693
27.507674399996176,1,1,29.49419996002689,0.9675000328570604,30.46169999288395
27.572455999965314,1,1,30.041599995456636,0.881300016772002,30.922900012228638
27.61891119997017,1,1,22.503099986352026,0.8668000227771699,23.369900009129196
27.66681039996911,1,1,27.86309999646619,1.2629000120796263,29.126000008545816
27.71541249996517,1,1,28.28710002359003,0.8325999951921403,29.11970001878217
27.76186199998483,1,1,23.319999978411943,0.770999991800636,24.09099997021258
27.810172599973157,1,1,24.09560000523925,0.8242999901995063,24.919899995438755
27.88196699996479,0,0,29.856400040443987,0.004499976057559252,29.860900016501546
27.92132549994858,0,0,22.85380003741011,0.010399962775409222,22.86420000018552
27.9717920999974,1,1,29.64079997036606,0.9990999824367464,30.639899952802807
28.017461799958255,1,1,23.649900045711547,0.78369997208938,24.433600017800927
28.07139209995512,1,1,26.574400020763278,0.880700012203306,27.455100032966584
28.112734699971043,0,0,22.8670000215061,0.004599976819008589,22.87159999832511
28.17832720000297,1,1,45.59479997260496,0.8596000261604786,46.45439999876544
28.22506029997021,1,1,22.629400016739964,0.8414000039920211,23.470800020731986
28.279697599995416,1,1,22.526799992192537,0.8004999835975468,23.327299975790083
28.320928999979515,1,1,28.59770000213757,0.9101000032387674,29.50780000537634
28.37050319998525,1,1,24.120899965055287,0.8566000033169985,24.977499968372285
28.4206537999562,1,1,25.497400027234107,0.9747999720275402,26.472199999261647
28.48494120000396,1,1,30.94789996976033,1.0084999958053231,31.95639996556565
28.532193999970332,0,0,27.01259998138994,0.004100031219422817,27.016700012609363
28.579294499999378,1,1,28.88239995809272,0.7034000009298325,29.58579995902255
28.626414999947883,1,1,23.957100056577474,1.5319999656639993,25.489100022241473
28.675902299990412,1,1,33.846499980427325,0.8629999938420951,34.70949997426942
28.723091799998656,1,1,24.73710000049323,0.831299985293299,25.568399985786527
28.791020999953616,1,1,31.88740002224222,1.1055999784730375,32.993000000715256
28.832807799975853,1,1,30.295500007923692,0.7468999829143286,31.04239999083802
28.88386790000368,1,1,30.9521000017412,0.8985999738797545,31.850699975620955
28.930839199980255,1,1,26.110799983143806,0.8550999918952584,26.965899975039065
28.98088549997192,1,1,24.35459999833256,0.8886000141501427,25.243200012482703
29.024536499986425,1,1,24.309800006449223,0.7339000003412366,25.04370000679046
29.095533399959095,1,1,36.91730002174154,0.9834999800659716,37.90080000180751
29.13709559995914,1,1,26.31470002233982,0.8438000222668052,27.158500044606626
29.186845399963204,1,1,28.957400005310774,0.9094999986700714,29.866900003980845
29.232380500005092,1,1,22.308099956717342,0.7802000036463141,23.088299960363656
29.280525899957865,1,1,24.608800013083965,0.7545999833382666,25.36339999642223
29.33177170000272,1,1,31.24089998891577,0.914699980057776,32.15559996897355
29.396385799976997,1,1,29.290699982084334,1.046299992594868,30.336999974679202
29.446503199986182,1,1,27.27939997566864,0.8214000263251364,28.100800001993775
29.492608300002757,1,0,25.144599960185587,0.1438999897800386,25.288499949965626
29.53843549999874,1,0,24.146199983078986,0.1406000228598714,24.286800005938858
29.588099399989005,1,0,27.73679996607825,0.1409000251442194,27.87769999122247
29.634738599997945,1,1,28.932099987287074,0.9484000038355589,29.880499991122633
29.69740909995744,1,0,27.573300001677126,0.15320000238716602,27.72650000406429
29.748112899949774,1,1,34.21280003385618,0.9386999881826341,35.15150002203882
29.792692099988926,1,0,27.329400007147342,0.16009999671950936,27.48950000386685
29.843266499985475,1,0,26.32209996227175,0.1355000422336161,26.457600004505366
29.890855000005104,1,0,22.245299944188446,0.14670001110062003,22.391999955289066
29.937270499998704,1,0,24.71899997908622,0.1621000119484961,24.881099991034716
29.985013799974695,1,1,23.073900025337934,0.8716000011190772,23.94550002645701
